setting,payer_name,plan_name,standard_charge_dollar,methodology
NYU Long Island,1199,LOCAL 1199 NYU MEMBER CHOICE 1000,61.0,""
NYU Long Island,1199,LOCAL 1199 NYU MEMBER CHOICE 1000,61.0,""
NYU Long Island,1199,LOCAL 1199 PPO 1001,61.0,""
NYU Long Island,1199,LOCAL 1199 PPO 1001,61.0,""
NYU Long Island,First Health,FIRST HEALTH STRATEGIES 1002,311.28,""
NYU Long Island,Aetna,AETNA HMO 1005,222.34,""
NYU Long Island,Aetna,AETNA HMO 1005,11017.2,""
NYU Long Island,Aetna,AETNA INDEMNITY 1006,370.57,""
NYU Long Island,Medicare,AETNA MEDICARE MANAGED CARE 1007,146.22,""
NYU Long Island,Medicare,AETNA MEDICARE MANAGED CARE 1007,146.22,""
NYU Long Island,Aetna,AETNA STUDENT PLAN 1008,222.34,""
NYU Long Island,Aetna,AETNA STUDENT PLAN 1008,11017.2,""
NYU Long Island,Aetna,AETNA POS 1009,222.34,""
NYU Long Island,Aetna,AETNA POS 1009,11017.2,""
NYU Long Island,Aetna,AETNA PPO 1010,222.34,""
NYU Long Island,Aetna,AETNA PPO 1010,11017.2,""
NYU Long Island,Cigna,CIGNA INDEMNITY 1045,222.34,""
NYU Long Island,Cigna,CIGNA INDEMNITY 1045,11017.2,""
NYU Long Island,Cigna,CIGNA MANAGED CARE/POS 1046,222.34,""
NYU Long Island,Cigna,CIGNA MANAGED CARE/POS 1046,11017.2,""
NYU Long Island,Cigna,CIGNA PPO 1047,222.34,""
NYU Long Island,Cigna,CIGNA PPO 1047,11017.2,""
NYU Long Island,Cigna,CIGNA PREMIER PLUS 1048,222.34,""
NYU Long Island,Cigna,CIGNA PREMIER PLUS 1048,11017.2,""
NYU Long Island,Fidelis,FIDELIS CARE CHILD HEALTH PLUS 1059,17.32,""
NYU Long Island,Fidelis,FIDELIS CARE CHILD HEALTH PLUS 1059,17.32,""
NYU Long Island,Medicare,WELLCARE BY FIDELIS CARE MEDICARE 1061,146.22,""
NYU Long Island,Medicare,WELLCARE BY FIDELIS CARE MEDICARE 1061,146.22,""
NYU Long Island,Fidelis,FIDELIS CARE MEDICAID MANAGED CARE 1062,17.32,""
NYU Long Island,Fidelis,FIDELIS CARE MEDICAID MANAGED CARE 1062,17.32,""
NYU Long Island,Multiplan,FIRST HEALTH PPO 1064,289.04,""
NYU Long Island,Aetna,GEHA 1067,222.34,""
NYU Long Island,Aetna,GEHA 1067,11017.2,""
NYU Long Island,GHI,GHI MEDICARE SUPPLEMENT 1070,146.22,""
NYU Long Island,GHI,GHI MEDICARE SUPPLEMENT 1070,146.22,""
NYU Long Island,HIP,GHI HMO 1071,7822.0,""
NYU Long Island,HIP,GHI HMO 1071,7822.0,""
NYU Long Island,GHI,GHI EMBLEM HEALTH MEDICARE HMO 1072,146.22,""
NYU Long Island,GHI,GHI EMBLEM HEALTH MEDICARE HMO 1072,146.22,""
NYU Long Island,GHI,GHI EMBLEM HEALTH MEDICARE PPO 1074,146.22,""
NYU Long Island,GHI,GHI EMBLEM HEALTH MEDICARE PPO 1074,146.22,""
NYU Long Island,Healthfirst,HEALTHFIRST CHILD HEALTH PLUS 1080,17.32,""
NYU Long Island,Healthfirst,HEALTHFIRST CHILD HEALTH PLUS 1080,17.32,""
NYU Long Island,Healthfirst,HEALTHFIRST 65 1083,18.86,""
NYU Long Island,Healthfirst,HEALTHFIRST 65 1083,18.86,""
NYU Long Island,Healthfirst,HEALTHFIRST MEDICAID 1084,17.32,""
NYU Long Island,Healthfirst,HEALTHFIRST MEDICAID 1084,17.32,""
NYU Long Island,Multiplan,HEALTHNET PPO 1088,289.04,""
NYU Long Island,HIP,HIP LICH 1094,7822.0,""
NYU Long Island,HIP,HIP LICH 1094,7822.0,""
NYU Long Island,HIP,HIP HEALTH PLAN OF NY 1095,7822.0,""
NYU Long Island,HIP,HIP HEALTH PLAN OF NY 1095,7822.0,""
NYU Long Island,HIP,HIP CHILD HEALTH PLUS 1096,177.29,""
NYU Long Island,HIP,HIP CHILD HEALTH PLUS 1096,177.29,""
NYU Long Island,HIP,HIP HMO 1097,7822.0,""
NYU Long Island,HIP,HIP HMO 1097,7822.0,""
NYU Long Island,HIP,HIP MEDICAID-ENHANCED CARE 1098,177.29,""
NYU Long Island,HIP,HIP MEDICAID-ENHANCED CARE 1098,177.29,""
NYU Long Island,HIP,HIP VIP MEDICARE PRIME 1099,146.22,""
NYU Long Island,HIP,HIP VIP MEDICARE PRIME 1099,146.22,""
NYU Long Island,HIP,HIP POS 1100,7822.0,""
NYU Long Island,HIP,HIP POS 1100,7822.0,""
NYU Long Island,Multiplan,HUMANA COMMERCIAL HEALTH PLAN 1102,289.04,""
NYU Long Island,Metroplus,METROPLUS CHILD HEALTH PLUS 1115,177.29,""
NYU Long Island,Metroplus,METROPLUS CHILD HEALTH PLUS 1115,177.29,""
NYU Long Island,Metroplus,METROPLUS MCD MANAGED CARE 1117,177.29,""
NYU Long Island,Metroplus,METROPLUS MCD MANAGED CARE 1117,177.29,""
NYU Long Island,Multiplan,MULTIPLAN PPO 1118,289.04,""
NYU Long Island,Medicare,OXFORD HEALTH PLANS MEDICARE ADVANTAGE 1136,146.22,""
NYU Long Island,Medicare,OXFORD HEALTH PLANS MEDICARE ADVANTAGE 1136,146.22,""
NYU Long Island,Multiplan,POMCO INSURANCE CO 1138,289.04,""
NYU Long Island,Medicare,UNITED HEALTHCARE INS AARP 1152,146.22,""
NYU Long Island,Medicare,UNITED HEALTHCARE INS AARP 1152,146.22,""
NYU Long Island,UHC,UNITED HEALTHCARE INDE 1157,185.28,""
NYU Long Island,UHC,UNITED HEALTHCARE INDE 1157,9181.0,""
NYU Long Island,Medicare,UNITED HEALTHCARE MEDICARE 1158,146.22,""
NYU Long Island,Medicare,UNITED HEALTHCARE MEDICARE 1158,146.22,""
NYU Long Island,Wellcare,WELLCARE MEDICARE 1171,146.22,""
NYU Long Island,Wellcare,WELLCARE MEDICARE 1171,146.22,""
NYU Long Island,Magnacare,MAGNACARE PPO 1175,148.23,""
NYU Long Island,Magnacare,MAGNACARE PPO 1175,7344.8,""
NYU Long Island,BCBS,BCBS EPO 1181,399.72,""
NYU Long Island,BCBS,BCBS EPO 1181,399.72,""
NYU Long Island,BCBS,BCBS FEDERAL PROGRAM 1182,399.72,""
NYU Long Island,BCBS,BCBS FEDERAL PROGRAM 1182,399.72,""
NYU Long Island,BCBS,BCBS HEALTHY NEW YORK 1183,399.72,""
NYU Long Island,BCBS,BCBS HEALTHY NEW YORK 1183,399.72,""
NYU Long Island,BCBS,BCBS HMO 1184,399.72,""
NYU Long Island,BCBS,BCBS HMO 1184,399.72,""
NYU Long Island,BCBS,BCBS INDEMNITY 1185,399.72,""
NYU Long Island,BCBS,BCBS INDEMNITY 1185,399.72,""
NYU Long Island,BCBS,EMPIRE PLAN NYSHIP (HB ONLY) 1186,399.72,""
NYU Long Island,BCBS,EMPIRE PLAN NYSHIP (HB ONLY) 1186,399.72,""
NYU Long Island,BCBS,BCBS POS 1188,399.72,""
NYU Long Island,BCBS,BCBS POS 1188,399.72,""
NYU Long Island,BCBS,BCBS PPO 1189,399.72,""
NYU Long Island,BCBS,BCBS PPO 1189,399.72,""
NYU Long Island,Medicare,BCBS SENIOR CARE SUPPLEMENTAL 1190,146.22,""
NYU Long Island,Medicare,BCBS SENIOR CARE SUPPLEMENTAL 1190,146.22,""
NYU Long Island,Medicare,BCBS MEDIBLUE MEDICARE HMO 1191,146.22,""
NYU Long Island,Medicare,BCBS MEDIBLUE MEDICARE HMO 1191,146.22,""
NYU Long Island,BCBS,BCBS OUT/STATE HMO 1208,399.72,""
NYU Long Island,BCBS,BCBS OUT/STATE HMO 1208,399.72,""
NYU Long Island,BCBS,BCBS OUT/STATE INDEMNITY 1209,399.72,""
NYU Long Island,BCBS,BCBS OUT/STATE INDEMNITY 1209,399.72,""
NYU Long Island,Medicare,BCBS OUT/STATE  MEDICARE 1210,146.22,""
NYU Long Island,Medicare,BCBS OUT/STATE  MEDICARE 1210,146.22,""
NYU Long Island,BCBS,BCBS OUT/STATE POS 1211,399.72,""
NYU Long Island,BCBS,BCBS OUT/STATE POS 1211,399.72,""
NYU Long Island,BCBS,BCBS OUT/STATE PPO 1212,399.72,""
NYU Long Island,BCBS,BCBS OUT/STATE PPO 1212,399.72,""
NYU Long Island,BCBS,BCBS OUT/STATE EPO 1213,399.72,""
NYU Long Island,BCBS,BCBS OUT/STATE EPO 1213,399.72,""
NYU Long Island,HIP,HIP MONTEFIORE 1214,7822.0,""
NYU Long Island,HIP,HIP MONTEFIORE 1214,7822.0,""
NYU Long Island,HIP,HIP VIP MEDICARE (MONTEFIORE) 1218,146.22,""
NYU Long Island,HIP,HIP VIP MEDICARE (MONTEFIORE) 1218,146.22,""
NYU Long Island,Multiplan,SCREEN ACTORS GUILD 1220,289.04,""
NYU Long Island,Multiplan,AXA ASSISTANCE 1228,289.04,""
NYU Long Island,Multiplan,AXA ASSISTANCE  CLAIMS DEPT 1229,289.04,""
NYU Long Island,Multiplan,AXA ASSISTANCE USA 1230,289.04,""
NYU Long Island,Multiplan,AXA HEALTHCARE 1231,289.04,""
NYU Long Island,Multiplan,MULTIPLAN - CAPITAL DIST PHYS HEALTH 1232,289.04,""
NYU Long Island,Multiplan,DIVERSEFIED ADMIN CORP 1234,289.04,""
NYU Long Island,Multiplan,FISERV HEALTH 1235,289.04,""
NYU Long Island,Multiplan,FISERV HEALTH 1236,289.04,""
NYU Long Island,Multiplan,GLOBAL EXCEL MANAGEMENT 1237,289.04,""
NYU Long Island,Multiplan,GLOBAL EXCEL MANAGEMENT I 1238,289.04,""
NYU Long Island,Multiplan,GLOBAL EXCEL MANAGEMENT I 1239,289.04,""
NYU Long Island,Multiplan,GLOBAL EXCEL MGMT 1240,289.04,""
NYU Long Island,Multiplan,GLOBAL HEALTH MANAGMENT 1241,289.04,""
NYU Long Island,Multiplan,HUMANA HEALTH PLAN 1242,289.04,""
NYU Long Island,Multiplan,HUMANA HEALTHPLAN 1244,289.04,""
NYU Long Island,Multiplan,KAISER FOUNDATION 1245,289.04,""
NYU Long Island,Multiplan,KAISER PERMANENTE 1246,289.04,""
NYU Long Island,Multiplan,MERITAIN HEALTH 1247,289.04,""
NYU Long Island,Multiplan,MERITAIN HEALTH 1249,289.04,""
NYU Long Island,Multiplan,NIPPON LIFE-MULTIPLAN 1250,289.04,""
NYU Long Island,Multiplan,NIPPON LIFE INS CO-MULTIPLAN 1251,289.04,""
NYU Long Island,Multiplan,PRINCIPAL FINANCIAL 1253,289.04,""
NYU Long Island,Multiplan,PRINCIPAL FINANCIAL GROUP 1254,289.04,""
NYU Long Island,Multiplan,PRINCIPAL LIFE INS CO 1255,289.04,""
NYU Long Island,Multiplan,QUALCARE INC 1256,289.04,""
NYU Long Island,Multiplan,QUALCARE INC 1257,289.04,""
NYU Long Island,Multiplan,PHCS MULTIPLAN 1263,289.04,""
NYU Long Island,HIP,HIP EPO 1264,7822.0,""
NYU Long Island,HIP,HIP EPO 1264,7822.0,""
NYU Long Island,HIP,HIP ACCESS I 1265,7822.0,""
NYU Long Island,HIP,HIP ACCESS I 1265,7822.0,""
NYU Long Island,HIP,HIP ACCESS II 1266,7822.0,""
NYU Long Island,HIP,HIP ACCESS II 1266,7822.0,""
NYU Long Island,HIP,HIP SMARTSTART 1267,7822.0,""
NYU Long Island,HIP,HIP SMARTSTART 1267,7822.0,""
NYU Long Island,HIP,HIP COMPRE HEALTH 1270,7822.0,""
NYU Long Island,HIP,HIP COMPRE HEALTH 1270,7822.0,""
NYU Long Island,HIP,HIP COMPRE HEALTH EPO 1271,7822.0,""
NYU Long Island,HIP,HIP COMPRE HEALTH EPO 1271,7822.0,""
NYU Long Island,GHI,GHI EMBLEM HEALTH EPO 1272,11671.0,""
NYU Long Island,GHI,GHI EMBLEM HEALTH EPO 1272,11671.0,""
NYU Long Island,GHI,GHI EMBLEM HEALTH PPO 1273,11671.0,""
NYU Long Island,GHI,GHI EMBLEM HEALTH PPO 1273,11671.0,""
NYU Long Island,Cigna,GREAT WEST HMO 1282,222.34,""
NYU Long Island,Cigna,GREAT WEST HMO 1282,11017.2,""
NYU Long Island,BCBS,HORIZON NJ DIRECT 1290,399.72,""
NYU Long Island,BCBS,HORIZON NJ DIRECT 1290,399.72,""
NYU Long Island,BCBS,LOCAL 32 BJ 1301,399.72,""
NYU Long Island,BCBS,LOCAL 32 BJ 1301,399.72,""
NYU Long Island,BCBS,UNICARE 1305,399.72,""
NYU Long Island,BCBS,UNICARE 1305,399.72,""
NYU Long Island,Multiplan,PHCS SAVILITY 1312,289.04,""
NYU Long Island,GHI,GHI/VALUE OPTIONS BEHAVORIAL MGMT - BMP 1315,11671.0,""
NYU Long Island,GHI,GHI/VALUE OPTIONS BEHAVORIAL MGMT - BMP 1315,11671.0,""
NYU Long Island,GHI,GHI-BMP 1316,11671.0,""
NYU Long Island,GHI,GHI-BMP 1316,11671.0,""
NYU Long Island,BCBS,EMPIRE PLAN/VALUE OPTIONS 1317,399.72,""
NYU Long Island,BCBS,EMPIRE PLAN/VALUE OPTIONS 1317,399.72,""
NYU Long Island,Cigna,MVP-CIGNA NETWORK 1331,222.34,""
NYU Long Island,Cigna,MVP-CIGNA NETWORK 1331,11017.2,""
NYU Long Island,GHI,GHI CBP (HB ONLY) 1332,11671.0,""
NYU Long Island,GHI,GHI CBP (HB ONLY) 1332,11671.0,""
NYU Long Island,Medicare,TRICARE EAST 1355,146.22,""
NYU Long Island,Medicare,TRICARE EAST 1355,146.22,""
NYU Long Island,HIP,HIP HMO (HEALTHCARE PARTNERS) 1363,7822.0,""
NYU Long Island,HIP,HIP HMO (HEALTHCARE PARTNERS) 1363,7822.0,""
NYU Long Island,HIP,HIP MEDICAID-ENHANCED CARE (HEALTHCARE PARTNERS) 1364,177.29,""
NYU Long Island,HIP,HIP MEDICAID-ENHANCED CARE (HEALTHCARE PARTNERS) 1364,177.29,""
NYU Long Island,HIP,HIP VIP MEDICARE (HEATHCARE PARTNERS) 1365,146.22,""
NYU Long Island,HIP,HIP VIP MEDICARE (HEATHCARE PARTNERS) 1365,146.22,""
NYU Long Island,HIP,HIP MEDICAID-ENHANCED CARE (MONTEFIORE) 1366,177.29,""
NYU Long Island,HIP,HIP MEDICAID-ENHANCED CARE (MONTEFIORE) 1366,177.29,""
NYU Long Island,Cigna,CONSOLIDATED HEALTH PLAN (HB ONLY) 1367,222.34,""
NYU Long Island,Cigna,CONSOLIDATED HEALTH PLAN (HB ONLY) 1367,11017.2,""
NYU Long Island,Medicare,UNITED HEALTHCARE COMMUNITY MEDICARE 1370,146.22,""
NYU Long Island,Medicare,UNITED HEALTHCARE COMMUNITY MEDICARE 1370,146.22,""
NYU Long Island,Magnacare,MAGNACARE DIRECT PLUS 1372,148.23,""
NYU Long Island,Magnacare,MAGNACARE DIRECT PLUS 1372,7344.8,""
NYU Long Island,Medicare,BCBS MEDIBLUE MEDICARE PPO 1381,146.22,""
NYU Long Island,Medicare,BCBS MEDIBLUE MEDICARE PPO 1381,146.22,""
NYU Long Island,Medicare,VNS MEDICARE ADV SPECIAL NEEDS (HB ONLY) 1384,146.22,""
NYU Long Island,Medicare,VNS MEDICARE ADV SPECIAL NEEDS (HB ONLY) 1384,146.22,""
NYU Long Island,Medicare,VNS MEDICARE ADVANTAGE 1385,146.22,""
NYU Long Island,Medicare,VNS MEDICARE ADVANTAGE 1385,146.22,""
NYU Long Island,Medicare,VNS MEDICARE LTC PLUS (HB ONLY) 1386,146.22,""
NYU Long Island,Medicare,VNS MEDICARE LTC PLUS (HB ONLY) 1386,146.22,""
NYU Long Island,Medicare,VNS MEDICARE/MEDICAID ADVANTAGE (HB ONLY) 1387,146.22,""
NYU Long Island,Medicare,VNS MEDICARE/MEDICAID ADVANTAGE (HB ONLY) 1387,146.22,""
NYU Long Island,Medicare,SENIOR WHOLE HEALTH OF NY BY MOLINA 1390,146.22,""
NYU Long Island,Medicare,SENIOR WHOLE HEALTH OF NY BY MOLINA 1390,146.22,""
NYU Long Island,Aetna,NIPPON LIFE-AETNA 1394,222.34,""
NYU Long Island,Aetna,NIPPON LIFE-AETNA 1394,11017.2,""
NYU Long Island,Medicare,METROPLUS MEDICARE 1401,146.22,""
NYU Long Island,Medicare,METROPLUS MEDICARE 1401,146.22,""
NYU Long Island,Cigna,CIGNA HMO 1403,222.34,""
NYU Long Island,Cigna,CIGNA HMO 1403,11017.2,""
NYU Long Island,Cigna,CIGNA OPEN ACCESS 1413,222.34,""
NYU Long Island,Cigna,CIGNA OPEN ACCESS 1413,11017.2,""
NYU Long Island,Aetna,AETNA OPEN ACCESS HMO 1414,222.34,""
NYU Long Island,Aetna,AETNA OPEN ACCESS HMO 1414,11017.2,""
NYU Long Island,Aetna,AETNA OPEN ACCESS ELECT CHOICE (EPO) 1415,222.34,""
NYU Long Island,Aetna,AETNA OPEN ACCESS ELECT CHOICE (EPO) 1415,11017.2,""
NYU Long Island,Aetna,AETNA SIGNATURE ADMINISTRATORS PPO 1417,222.34,""
NYU Long Island,Aetna,AETNA SIGNATURE ADMINISTRATORS PPO 1417,11017.2,""
NYU Long Island,Multiplan,PARAMOUNT INSURANCE 1422,289.04,""
NYU Long Island,Multiplan,ADMINISTRATIVE CONCEPTS 1423,289.04,""
NYU Long Island,Multiplan,PHCS DIRECTOR GUILD 1424,289.04,""
NYU Long Island,Multiplan,PHCS 1425,289.04,""
NYU Long Island,Multiplan,PHP HEALTHCARE(CHAMPUS) 1426,289.04,""
NYU Long Island,Multiplan,US LIFE INS CO 1427,289.04,""
NYU Long Island,Multiplan,TEAMSTERS ALLIED BENEFITS 1428,289.04,""
NYU Long Island,Multiplan,QUALCARE INC 1429,289.04,""
NYU Long Island,Multiplan,PRINCIPAL FINANCIAL 1430,289.04,""
NYU Long Island,Multiplan,MUTUAL OF OMAHA 1431,289.04,""
NYU Long Island,Multiplan,GUARDIAN LIFE INSURANCE CO OF AMERICA 1432,289.04,""
NYU Long Island,Aetna,AETNA GLOBAL NATIONAL TRANSPLANT (HB ONLY) 1437,222.34,""
NYU Long Island,Aetna,AETNA GLOBAL NATIONAL TRANSPLANT (HB ONLY) 1437,11017.2,""
NYU Long Island,GHI,GHI CBP (HB ONLY) 1438,11671.0,""
NYU Long Island,GHI,GHI CBP (HB ONLY) 1438,11671.0,""
NYU Long Island,BCBS,BCBS GHI COMPOSITE 1439,399.72,""
NYU Long Island,BCBS,BCBS GHI COMPOSITE 1439,399.72,""
NYU Long Island,Cigna,CIGNA GREAT WEST PPO 1442,222.34,""
NYU Long Island,Cigna,CIGNA GREAT WEST PPO 1442,11017.2,""
NYU Long Island,Medicare,ELDERPLAN 1443,146.22,""
NYU Long Island,Medicare,ELDERPLAN 1443,146.22,""
NYU Long Island,Aetna,AETNA MERITAIN HEALTH 1444,222.34,""
NYU Long Island,Aetna,AETNA MERITAIN HEALTH 1444,11017.2,""
NYU Long Island,Cigna,CIGNA NALC 1448,222.34,""
NYU Long Island,Cigna,CIGNA NALC 1448,11017.2,""
NYU Long Island,Multiplan,HEALTHNET OF CALIFORNIA 1449,289.04,""
NYU Long Island,Medicare,BCBS HEALTHPLUS MEDICARE 1451,146.22,""
NYU Long Island,Medicare,BCBS HEALTHPLUS MEDICARE 1451,146.22,""
NYU Long Island,Cigna,CIGNA OPEN ACCESS PPO 1465,222.34,""
NYU Long Island,Cigna,CIGNA OPEN ACCESS PPO 1465,11017.2,""
NYU Long Island,Cigna,CIGNA OPEN ACCESS HMO (HB ONLY) 1466,222.34,""
NYU Long Island,Cigna,CIGNA OPEN ACCESS HMO (HB ONLY) 1466,11017.2,""
NYU Long Island,BCBS,BCBS OPEN ACCESS PPO (HB ONLY) 1467,399.72,""
NYU Long Island,BCBS,BCBS OPEN ACCESS PPO (HB ONLY) 1467,399.72,""
NYU Long Island,BCBS,BCBS OPEN ACCESS HMO (HB ONLY) 1468,399.72,""
NYU Long Island,BCBS,BCBS OPEN ACCESS HMO (HB ONLY) 1468,399.72,""
NYU Long Island,Medicaid,VNS MEDICAID ADVANTAGE 1470,170.41,""
NYU Long Island,Medicaid,VNS MEDICAID ADVANTAGE 1470,170.41,""
NYU Long Island,Three Rivers,THREE RIVERS (HB ONLY) 1479,333.51,""
NYU Long Island,Medicare,WTC HEALTH PROGRAM-NYU 1482,146.22,""
NYU Long Island,Medicare,WTC HEALTH PROGRAM-NYU 1482,146.22,""
NYU Long Island,Medicare,WTC HEALTH PROGRAM-MT. SINAI 1484,146.22,""
NYU Long Island,Medicare,WTC HEALTH PROGRAM-MT. SINAI 1484,146.22,""
NYU Long Island,Medicare,WTC HEALTH PROGRAM-NORTHWELL 1485,146.22,""
NYU Long Island,Medicare,WTC HEALTH PROGRAM-NORTHWELL 1485,146.22,""
NYU Long Island,Medicare,WTC HEALTH PROGRAM-STONYBROOK 1486,146.22,""
NYU Long Island,Medicare,WTC HEALTH PROGRAM-STONYBROOK 1486,146.22,""
NYU Long Island,Medicare,WTC HEALTH PROGRAM-HHC 1487,146.22,""
NYU Long Island,Medicare,WTC HEALTH PROGRAM-HHC 1487,146.22,""
NYU Long Island,Medicare,WTC HEALTH PROGRAM-UMDNY/RUTGERS 1488,146.22,""
NYU Long Island,Medicare,WTC HEALTH PROGRAM-UMDNY/RUTGERS 1488,146.22,""
NYU Long Island,Medicare,WTC-FDNY 1489,146.22,""
NYU Long Island,Medicare,WTC-FDNY 1489,146.22,""
NYU Long Island,Cigna,CIGNA EVERNORTH BEHAVIORAL HEALTH 1490,222.34,""
NYU Long Island,Cigna,CIGNA EVERNORTH BEHAVIORAL HEALTH 1490,11017.2,""
NYU Long Island,Magnacare,MAGNACARE - CAPITAL DIST PHYS HEALTH 1499,148.23,""
NYU Long Island,Magnacare,MAGNACARE - CAPITAL DIST PHYS HEALTH 1499,7344.8,""
NYU Long Island,Fidelis,AMBETTER FIDELIS CARE PLATINUM EXCHANGE 1501,30.8,""
NYU Long Island,Fidelis,AMBETTER FIDELIS CARE PLATINUM EXCHANGE 1501,30.8,""
NYU Long Island,Fidelis,AMBETTER FIDELIS CARE GOLD EXCHANGE 1510,30.8,""
NYU Long Island,Fidelis,AMBETTER FIDELIS CARE GOLD EXCHANGE 1510,30.8,""
NYU Long Island,Fidelis,FIDELIS CARE SILVER 250 EXCHANGE 1511,30.8,""
NYU Long Island,Fidelis,FIDELIS CARE SILVER 250 EXCHANGE 1511,30.8,""
NYU Long Island,Fidelis,AMBETTER FIDELIS CARE BRONZE EXCHANGE 1514,30.8,""
NYU Long Island,Fidelis,AMBETTER FIDELIS CARE BRONZE EXCHANGE 1514,30.8,""
NYU Long Island,Fidelis,AMBETTER FIDELIS CATASTROPHIC EXCHANGE 1515,30.8,""
NYU Long Island,Fidelis,AMBETTER FIDELIS CATASTROPHIC EXCHANGE 1515,30.8,""
NYU Long Island,Fidelis,AMBETTER FIDELIS NATIVE AMERICAN EXCHANGE 1516,30.8,""
NYU Long Island,Fidelis,AMBETTER FIDELIS NATIVE AMERICAN EXCHANGE 1516,30.8,""
NYU Long Island,Fidelis,FIDELIS CARE PLATINUM CHILD EXCHANGE 1517,30.8,""
NYU Long Island,Fidelis,FIDELIS CARE PLATINUM CHILD EXCHANGE 1517,30.8,""
NYU Long Island,Fidelis,FIDELIS CARE SILVER CHILD EXCHANGE 1519,30.8,""
NYU Long Island,Fidelis,FIDELIS CARE SILVER CHILD EXCHANGE 1519,30.8,""
NYU Long Island,Fidelis,FIDELIS CARE BRONZE CHILD EXCHANGE 1520,30.8,""
NYU Long Island,Fidelis,FIDELIS CARE BRONZE CHILD EXCHANGE 1520,30.8,""
NYU Long Island,Magnacare,NATIONAL HEALTH PLAN 1572,148.23,""
NYU Long Island,Magnacare,NATIONAL HEALTH PLAN 1572,7344.8,""
NYU Long Island,HIP,EMBLEM SELECT CARE BASIC EXCHANGE 1607,270.52,""
NYU Long Island,HIP,EMBLEM SELECT CARE BASIC EXCHANGE 1607,13404.26,""
NYU Long Island,HIP,HIP VIP MEDICARE-AFFINITY 1608,146.22,""
NYU Long Island,HIP,HIP VIP MEDICARE-AFFINITY 1608,146.22,""
NYU Long Island,HIP,EMBLEM SELECT CARE BRONZE EXCHANGE 1609,270.52,""
NYU Long Island,HIP,EMBLEM SELECT CARE BRONZE EXCHANGE 1609,13404.26,""
NYU Long Island,HIP,EMBLEM SELECT CARE SILVER EXCHANGE 1610,270.52,""
NYU Long Island,HIP,EMBLEM SELECT CARE SILVER EXCHANGE 1610,13404.26,""
NYU Long Island,HIP,EMBLEM SELECT CARE GOLD EXCHANGE 1611,270.52,""
NYU Long Island,HIP,EMBLEM SELECT CARE GOLD EXCHANGE 1611,13404.26,""
NYU Long Island,HIP,EMBLEM SELECT CARE PLATINUM EXCHANGE 1612,270.52,""
NYU Long Island,HIP,EMBLEM SELECT CARE PLATINUM EXCHANGE 1612,13404.26,""
NYU Long Island,HIP,EMBLEM SELECT CARE BASIC EXCHANGE 1613,270.52,""
NYU Long Island,HIP,EMBLEM SELECT CARE BASIC EXCHANGE 1613,13404.26,""
NYU Long Island,Metroplus,METROPLUS MEDPLUS PLAN EXCHANGE 1624,289.52,""
NYU Long Island,Metroplus,METROPLUS MEDPLUS PLAN EXCHANGE 1624,289.52,""
NYU Long Island,Metroplus,METROPLUS BRONZE PLUS PLAN EXCHANGE 1625,289.52,""
NYU Long Island,Metroplus,METROPLUS BRONZE PLUS PLAN EXCHANGE 1625,289.52,""
NYU Long Island,Metroplus,METROPLUS SILVER PLUS PLAN EXCHANGE 1626,289.52,""
NYU Long Island,Metroplus,METROPLUS SILVER PLUS PLAN EXCHANGE 1626,289.52,""
NYU Long Island,Metroplus,METROPLUS GOLD PLUS PLAN EXCHANGE 1627,289.52,""
NYU Long Island,Metroplus,METROPLUS GOLD PLUS PLAN EXCHANGE 1627,289.52,""
NYU Long Island,Metroplus,METROPLUS PLATINUM PLUS PLAN EXCHANGE 1628,289.52,""
NYU Long Island,Metroplus,METROPLUS PLATINUM PLUS PLAN EXCHANGE 1628,289.52,""
NYU Long Island,Medicare,AGEWELL MEDICARE 1630,146.22,""
NYU Long Island,Medicare,AGEWELL MEDICARE 1630,146.22,""
NYU Long Island,Medicare,AARP MEDICARE COMPLETE 1632,146.22,""
NYU Long Island,Medicare,AARP MEDICARE COMPLETE 1632,146.22,""
NYU Long Island,GHI,WLNY-TV INC 1636,11671.0,""
NYU Long Island,GHI,WLNY-TV INC 1636,11671.0,""
NYU Long Island,GHI,IUOE LOCAL 14-14B 1637,11671.0,""
NYU Long Island,GHI,IUOE LOCAL 14-14B 1637,11671.0,""
NYU Long Island,GHI,AMERICAN PLAN ADMINISTRATORS 1638,11671.0,""
NYU Long Island,GHI,AMERICAN PLAN ADMINISTRATORS 1638,11671.0,""
NYU Long Island,GHI,AMERICAN PLAN ADMINISTRATORS - C/O H.D.A 1639,11671.0,""
NYU Long Island,GHI,AMERICAN PLAN ADMINISTRATORS - C/O H.D.A 1639,11671.0,""
NYU Long Island,Aetna,CHRISTIAN BROTHERS 1640,222.34,""
NYU Long Island,Aetna,CHRISTIAN BROTHERS 1640,11017.2,""
NYU Long Island,Aetna,CHESTERFIELD RESOURCES INC 1641,222.34,""
NYU Long Island,Aetna,CHESTERFIELD RESOURCES INC 1641,11017.2,""
NYU Long Island,Aetna,CORESOURCE 1642,222.34,""
NYU Long Island,Aetna,CORESOURCE 1642,11017.2,""
NYU Long Island,Aetna,STARMARK 1643,222.34,""
NYU Long Island,Aetna,STARMARK 1643,11017.2,""
NYU Long Island,Magnacare,CEMENT & CONCRETE WORKERS DIST COUNCIL 1676,148.23,""
NYU Long Island,Magnacare,CEMENT & CONCRETE WORKERS DIST COUNCIL 1676,7344.8,""
NYU Long Island,Magnacare,INDEPENDENT CARE PLUS 1677,148.23,""
NYU Long Island,Magnacare,INDEPENDENT CARE PLUS 1677,7344.8,""
NYU Long Island,Cigna,CIGNA LIFESOURCE (HB ONLY) 1678,222.34,""
NYU Long Island,Cigna,CIGNA LIFESOURCE (HB ONLY) 1678,11017.2,""
NYU Long Island,Medicare,VILLAGE CARE 1679,146.22,""
NYU Long Island,Medicare,VILLAGE CARE 1679,146.22,""
NYU Long Island,Medicare,HUMANA MEDICARE ADVANTAGE 1680,146.22,""
NYU Long Island,Medicare,HUMANA MEDICARE ADVANTAGE 1680,146.22,""
NYU Long Island,BCBS,HOTEL TRADES COUNCIL 1682,399.72,""
NYU Long Island,BCBS,HOTEL TRADES COUNCIL 1682,399.72,""
NYU Long Island,BCBS,BCBS NYS EMPIRE 1683,399.72,""
NYU Long Island,BCBS,BCBS NYS EMPIRE 1683,399.72,""
NYU Long Island,BCBS,EMPIRE OPTUM 1684,399.72,""
NYU Long Island,BCBS,EMPIRE OPTUM 1684,399.72,""
NYU Long Island,Medicare,PARTNERS HEALTH PLAN MEDICARE (HB ONLY) 1686,146.22,""
NYU Long Island,Medicare,PARTNERS HEALTH PLAN MEDICARE (HB ONLY) 1686,146.22,""
NYU Long Island,Medicaid,PARTNERS HEALTH PLAN MEDICAID 1687,170.41,""
NYU Long Island,Medicaid,PARTNERS HEALTH PLAN MEDICAID 1687,170.41,""
NYU Long Island,BCBS,BLUE CROSS BLUE SHIELD PRIORITY PPO 1693,399.72,""
NYU Long Island,BCBS,BLUE CROSS BLUE SHIELD PRIORITY PPO 1693,399.72,""
NYU Long Island,BCBS,BLUE CROSS BLUE SHIELD PRIORITY HMO 1694,399.72,""
NYU Long Island,BCBS,BLUE CROSS BLUE SHIELD PRIORITY HMO 1694,399.72,""
NYU Long Island,Magnacare,AMERICAN PLAN ADMINISTRATORS (MAGNACARE) 1735,148.23,""
NYU Long Island,Magnacare,AMERICAN PLAN ADMINISTRATORS (MAGNACARE) 1735,7344.8,""
NYU Long Island,Aetna,WELLNET 1755,222.34,""
NYU Long Island,Aetna,WELLNET 1755,11017.2,""
NYU Long Island,Medicare,BEACON MEDICARE MANAGED CARE (HB ONLY) 1759,146.22,""
NYU Long Island,Medicare,BEACON MEDICARE MANAGED CARE (HB ONLY) 1759,146.22,""
NYU Long Island,Medicare,BEACON HEALTH EXCHANGE PLAN (HB ONLY) 1760,146.22,""
NYU Long Island,Medicare,BEACON HEALTH EXCHANGE PLAN (HB ONLY) 1760,146.22,""
NYU Long Island,Medicaid,BEACON MEDICAID MANAGED CARE (HB ONLY) 1762,170.41,""
NYU Long Island,Medicaid,BEACON MEDICAID MANAGED CARE (HB ONLY) 1762,170.41,""
NYU Long Island,Medicare,WTC HEALTH PROGRAM-NORTH SHORE 1771,146.22,""
NYU Long Island,Medicare,WTC HEALTH PROGRAM-NORTH SHORE 1771,146.22,""
NYU Long Island,Medicaid,HEALTH AND RECOVERY PLAN (HARP) 1781,170.41,""
NYU Long Island,Medicaid,HEALTH AND RECOVERY PLAN (HARP) 1781,170.41,""
NYU Long Island,Healthfirst,HEALTHFIRST ESSENTIAL PLAN 1 1782,36.36,""
NYU Long Island,Healthfirst,HEALTHFIRST ESSENTIAL PLAN 1 1782,36.36,""
NYU Long Island,Healthfirst,HEALTHFIRST ESSENTIAL PLAN 2 1783,36.36,""
NYU Long Island,Healthfirst,HEALTHFIRST ESSENTIAL PLAN 2 1783,36.36,""
NYU Long Island,Healthfirst,HEALTHFIRST ESSENTIAL PLAN 3 1784,17.32,""
NYU Long Island,Healthfirst,HEALTHFIRST ESSENTIAL PLAN 3 1784,17.32,""
NYU Long Island,Healthfirst,HEALTHFIRST ESSENTIAL PLAN 4 1785,17.32,""
NYU Long Island,Healthfirst,HEALTHFIRST ESSENTIAL PLAN 4 1785,17.32,""
NYU Long Island,Centerlight,CENTERLIGHT DIRECT 1788,149.15,""
NYU Long Island,Centerlight,CENTERLIGHT DIRECT 1788,149.15,""
NYU Long Island,Centerlight,CENTERLIGHT SELECT 1789,149.15,""
NYU Long Island,Centerlight,CENTERLIGHT SELECT 1789,149.15,""
NYU Long Island,Centerlight,CENTERLIGHT PACE 1790,149.15,""
NYU Long Island,Centerlight,CENTERLIGHT PACE 1790,149.15,""
NYU Long Island,Healthfirst,HEALTHFIRST SILVER LEAF EXCHANGE 1802,36.36,""
NYU Long Island,Healthfirst,HEALTHFIRST SILVER LEAF EXCHANGE 1802,36.36,""
NYU Long Island,Healthfirst,HEALTHFIRST GOLD LEAF EXCHANGE 1805,36.36,""
NYU Long Island,Healthfirst,HEALTHFIRST GOLD LEAF EXCHANGE 1805,36.36,""
NYU Long Island,Healthfirst,HEALTHFIRST BRONZE LEAF EXCHANGE 1806,36.36,""
NYU Long Island,Healthfirst,HEALTHFIRST BRONZE LEAF EXCHANGE 1806,36.36,""
NYU Long Island,Healthfirst,HEALTHFIRST GREEN LEAF EXCHANGE 1807,36.36,""
NYU Long Island,Healthfirst,HEALTHFIRST GREEN LEAF EXCHANGE 1807,36.36,""
NYU Long Island,Healthfirst,HEALTHFIRST PLATINUM LEAF EXCHANGE 1808,36.36,""
NYU Long Island,Healthfirst,HEALTHFIRST PLATINUM LEAF EXCHANGE 1808,36.36,""
NYU Long Island,Centerlight,CENTERLIGHT PACE MEDICARE HMO 1880,149.15,""
NYU Long Island,Centerlight,CENTERLIGHT PACE MEDICARE HMO 1880,149.15,""
NYU Long Island,Healthfirst,HEALTHFIRST PERSONAL WELLNESS PLAN 1915,17.32,""
NYU Long Island,Healthfirst,HEALTHFIRST PERSONAL WELLNESS PLAN 1915,17.32,""
NYU Long Island,Healthfirst,HEALTHFIRST INCREASED BENEFITS PLAN 1916,18.86,""
NYU Long Island,Healthfirst,HEALTHFIRST INCREASED BENEFITS PLAN 1916,18.86,""
NYU Long Island,Healthfirst,HEALTHFIRST COORDINATED BENEFITS PLAN 1917,18.86,""
NYU Long Island,Healthfirst,HEALTHFIRST COORDINATED BENEFITS PLAN 1917,18.86,""
NYU Long Island,Healthfirst,HEALTHFIRST LIFE IMPROVED PLAN 1918,18.86,""
NYU Long Island,Healthfirst,HEALTHFIRST LIFE IMPROVED PLAN 1918,18.86,""
NYU Long Island,Healthfirst,HEALTHFIRST ASSURED CARE 1919,18.86,""
NYU Long Island,Healthfirst,HEALTHFIRST ASSURED CARE 1919,18.86,""
NYU Long Island,Healthfirst,HEALTHFIRST COMPLETE CARE 1920,18.86,""
NYU Long Island,Healthfirst,HEALTHFIRST COMPLETE CARE 1920,18.86,""
NYU Long Island,Healthfirst,HEALTHFIRST ABSOLUTE CARE FIDA 1921,18.86,""
NYU Long Island,Healthfirst,HEALTHFIRST ABSOLUTE CARE FIDA 1921,18.86,""
NYU Long Island,Healthfirst,HEALTHFIRST SENIOR HEALTH PARTNERS 1922,17.32,""
NYU Long Island,Healthfirst,HEALTHFIRST SENIOR HEALTH PARTNERS 1922,17.32,""
NYU Long Island,Fidelis,AMBETTER FIDELIS CARE SILVER EXCHANGE 2000,30.8,""
NYU Long Island,Fidelis,AMBETTER FIDELIS CARE SILVER EXCHANGE 2000,30.8,""
NYU Long Island,Medicare,UHC MEDICARE COMPLETE CHOICE REGIONAL PPO 2006,146.22,""
NYU Long Island,Medicare,UHC MEDICARE COMPLETE CHOICE REGIONAL PPO 2006,146.22,""
NYU Long Island,Medicare,UHC AARP MEDICARE COMPLETE ESSENTIAL 2007,146.22,""
NYU Long Island,Medicare,UHC AARP MEDICARE COMPLETE ESSENTIAL 2007,146.22,""
NYU Long Island,First Health,FIRST HEALTH COMMERCIAL HMO 2008,311.28,""
NYU Long Island,Medicare,AARP MEDICARE COMPLETE MOSAIC 2009,146.22,""
NYU Long Island,Medicare,AARP MEDICARE COMPLETE MOSAIC 2009,146.22,""
NYU Long Island,Fidelis,FIDELIS ESSENTIAL PLAN 1 2014,398.9,""
NYU Long Island,Fidelis,FIDELIS ESSENTIAL PLAN 1 2014,398.9,""
NYU Long Island,Fidelis,FIDELIS ESSENTIAL PLAN 2 2015,398.9,""
NYU Long Island,Fidelis,FIDELIS ESSENTIAL PLAN 2 2015,398.9,""
NYU Long Island,Fidelis,FIDELIS ESSENTIAL PLAN 3 2016,17.32,""
NYU Long Island,Fidelis,FIDELIS ESSENTIAL PLAN 3 2016,17.32,""
NYU Long Island,Fidelis,FIDELIS ESSENTIAL PLAN 4 2017,17.32,""
NYU Long Island,Fidelis,FIDELIS ESSENTIAL PLAN 4 2017,17.32,""
NYU Long Island,Metroplus,METROPLUS ESSENTIAL PLAN 1 2049,398.9,""
NYU Long Island,Metroplus,METROPLUS ESSENTIAL PLAN 1 2049,398.9,""
NYU Long Island,Metroplus,METROPLUS ESSENTIAL PLAN 2 2050,398.9,""
NYU Long Island,Metroplus,METROPLUS ESSENTIAL PLAN 2 2050,398.9,""
NYU Long Island,Metroplus,METROPLUS ESSENTIAL PLAN 3 2051,177.29,""
NYU Long Island,Metroplus,METROPLUS ESSENTIAL PLAN 3 2051,177.29,""
NYU Long Island,Metroplus,METROPLUS ESSENTIAL PLAN 4 2052,177.29,""
NYU Long Island,Metroplus,METROPLUS ESSENTIAL PLAN 4 2052,177.29,""
NYU Long Island,Magnacare,JOINT INDUSTRY BOARD OF ELECTRICAL IND 2057,148.23,""
NYU Long Island,Magnacare,JOINT INDUSTRY BOARD OF ELECTRICAL IND 2057,7344.8,""
NYU Long Island,Magnacare,EMPLOYEES SECURITY FUND 2058,148.23,""
NYU Long Island,Magnacare,EMPLOYEES SECURITY FUND 2058,7344.8,""
NYU Long Island,HIP,EMBLEM ESSENTIAL PLAN 1& 200-250 2059,212.74,""
NYU Long Island,HIP,EMBLEM ESSENTIAL PLAN 1& 200-250 2059,212.74,""
NYU Long Island,HIP,EMBLEM ESSENTIAL PLAN 2 2060,212.74,""
NYU Long Island,HIP,EMBLEM ESSENTIAL PLAN 2 2060,212.74,""
NYU Long Island,HIP,EMBLEM ESSENTIAL PLAN 3 2061,177.29,""
NYU Long Island,HIP,EMBLEM ESSENTIAL PLAN 3 2061,177.29,""
NYU Long Island,HIP,EMBLEM ESSENTIAL PLAN 4 2062,177.29,""
NYU Long Island,HIP,EMBLEM ESSENTIAL PLAN 4 2062,177.29,""
NYU Long Island,BCBS,BCBS OUT OF STATE EPO (SUITCASE LOGO) 2063,399.72,""
NYU Long Island,BCBS,BCBS OUT OF STATE EPO (SUITCASE LOGO) 2063,399.72,""
NYU Long Island,BCBS,BCBS OUT OF STATE HMO (SUITCASE LOGO) 2064,399.72,""
NYU Long Island,BCBS,BCBS OUT OF STATE HMO (SUITCASE LOGO) 2064,399.72,""
NYU Long Island,Medicare,BCBS OUT OF STATE MEDICARE (SUITCASE LOGO) 2065,146.22,""
NYU Long Island,Medicare,BCBS OUT OF STATE MEDICARE (SUITCASE LOGO) 2065,146.22,""
NYU Long Island,BCBS,BCBS OUT OF STATE POS (SUITCASE LOGO) 2066,399.72,""
NYU Long Island,BCBS,BCBS OUT OF STATE POS (SUITCASE LOGO) 2066,399.72,""
NYU Long Island,BCBS,BCBS OUT OF STATE PPO (SUITCASE LOGO) 2067,399.72,""
NYU Long Island,BCBS,BCBS OUT OF STATE PPO (SUITCASE LOGO) 2067,399.72,""
NYU Long Island,BCBS,BCBS OUT OF STATE EPO (NO SUITCASE LOGO) 2068,399.72,""
NYU Long Island,BCBS,BCBS OUT OF STATE EPO (NO SUITCASE LOGO) 2068,399.72,""
NYU Long Island,BCBS,BCBS OUT OF STATE HMO (NO SUITCASE LOGO) 2069,399.72,""
NYU Long Island,BCBS,BCBS OUT OF STATE HMO (NO SUITCASE LOGO) 2069,399.72,""
NYU Long Island,Medicare,BCBS OUT OF STATE MEDICARE (NO SUITCASE LOGO) 2070,146.22,""
NYU Long Island,Medicare,BCBS OUT OF STATE MEDICARE (NO SUITCASE LOGO) 2070,146.22,""
NYU Long Island,BCBS,BCBS OUT OF STATE POS (NO SUITCASE LOGO) 2071,399.72,""
NYU Long Island,BCBS,BCBS OUT OF STATE POS (NO SUITCASE LOGO) 2071,399.72,""
NYU Long Island,BCBS,BCBS OUT OF STATE PPO (NO SUITCASE LOGO) 2072,399.72,""
NYU Long Island,BCBS,BCBS OUT OF STATE PPO (NO SUITCASE LOGO) 2072,399.72,""
NYU Long Island,Fidelis,FIDELIS CARE GOLD CHILD EXCHANGE 2200,30.8,""
NYU Long Island,Fidelis,FIDELIS CARE GOLD CHILD EXCHANGE 2200,30.8,""
NYU Long Island,Fidelis,FIDELIS ESSENTIAL PLAN 1 & 200-250 2201,398.9,""
NYU Long Island,Fidelis,FIDELIS ESSENTIAL PLAN 1 & 200-250 2201,398.9,""
NYU Long Island,Fidelis,FIDELIS ESSENTIAL PLAN 3 2202,17.32,""
NYU Long Island,Fidelis,FIDELIS ESSENTIAL PLAN 3 2202,17.32,""
NYU Long Island,Healthfirst,"HEALTHFIRST PLATINUM TOTAL, PRO, PLUS EPO 2233",36.36,""
NYU Long Island,Healthfirst,"HEALTHFIRST PLATINUM TOTAL, PRO, PLUS EPO 2233",36.36,""
NYU Long Island,Healthfirst,"HEALTHFIRST GOLD TOTAL, PRO, PLUS EPO 2234",36.36,""
NYU Long Island,Healthfirst,"HEALTHFIRST GOLD TOTAL, PRO, PLUS EPO 2234",36.36,""
NYU Long Island,Healthfirst,"HEALTHFIRST SILVER TOTAL, PRO, PLUS EPO 2235",36.36,""
NYU Long Island,Healthfirst,"HEALTHFIRST SILVER TOTAL, PRO, PLUS EPO 2235",36.36,""
NYU Long Island,Healthfirst,"HEALTHFIRST BRONZE TOTAL, PRO, PLUS EPO 2236",36.36,""
NYU Long Island,Healthfirst,"HEALTHFIRST BRONZE TOTAL, PRO, PLUS EPO 2236",36.36,""
NYU Long Island,1199,LOCAL 1199 SEIU HOMECARE BENEFIT FUND 2778,61.0,""
NYU Long Island,1199,LOCAL 1199 SEIU HOMECARE BENEFIT FUND 2778,61.0,""
NYU Long Island,Medicare,CENTERS PLAN FOR HEALTHY LIVING 2779,146.22,""
NYU Long Island,Medicare,CENTERS PLAN FOR HEALTHY LIVING 2779,146.22,""
NYU Long Island,Medicare,UMR WTC HEALTH PROGRAM 2787,146.22,""
NYU Long Island,Medicare,UMR WTC HEALTH PROGRAM 2787,146.22,""
NYU Long Island,HIP,EMBLEM HEALTHCARE PARTNERS ESSENTIAL 1 & 200-250 3012,212.74,""
NYU Long Island,HIP,EMBLEM HEALTHCARE PARTNERS ESSENTIAL 1 & 200-250 3012,212.74,""
NYU Long Island,HIP,EMBLEM HEALTHCARE PARTNERS ESSENTIAL 2 3013,212.74,""
NYU Long Island,HIP,EMBLEM HEALTHCARE PARTNERS ESSENTIAL 2 3013,212.74,""
NYU Long Island,HIP,EMBLEM HEALTHCARE PARTNERS ESSENTIAL 3 3014,177.29,""
NYU Long Island,HIP,EMBLEM HEALTHCARE PARTNERS ESSENTIAL 3 3014,177.29,""
NYU Long Island,HIP,EMBLEM HEALTHCARE PARTNERS ESSENTIAL 4 3015,177.29,""
NYU Long Island,HIP,EMBLEM HEALTHCARE PARTNERS ESSENTIAL 4 3015,177.29,""
NYU Long Island,HIP,EMBLEM CMO ESSENTIAL 1 3016,212.74,""
NYU Long Island,HIP,EMBLEM CMO ESSENTIAL 1 3016,212.74,""
NYU Long Island,HIP,EMBLEM CMO ESSENTIAL 2 3017,212.74,""
NYU Long Island,HIP,EMBLEM CMO ESSENTIAL 2 3017,212.74,""
NYU Long Island,HIP,EMBLEM CMO ESSENTIAL 3 3018,177.29,""
NYU Long Island,HIP,EMBLEM CMO ESSENTIAL 3 3018,177.29,""
NYU Long Island,HIP,EMBLEM CMO ESSENTIAL 4 3019,177.29,""
NYU Long Island,HIP,EMBLEM CMO ESSENTIAL 4 3019,177.29,""
NYU Long Island,Medicare,WTC HEALTH PROGRAM-NORTHWELL 3022,146.22,""
NYU Long Island,Medicare,WTC HEALTH PROGRAM-NORTHWELL 3022,146.22,""
NYU Long Island,Medicaid,VNSNY CHOICE SELECT HEALTH 3023,170.41,""
NYU Long Island,Medicaid,VNSNY CHOICE SELECT HEALTH 3023,170.41,""
NYU Long Island,HIP,EMBLEM SELECT CARE (HEALTHCARE PARTNERS) 3024,270.52,""
NYU Long Island,HIP,EMBLEM SELECT CARE (HEALTHCARE PARTNERS) 3024,13404.26,""
NYU Long Island,Aetna,ALLIED 3025,222.34,""
NYU Long Island,Aetna,ALLIED 3025,11017.2,""
NYU Long Island,Cigna,WELLFLEET-NYU STUDENT 3059,222.34,""
NYU Long Island,Cigna,WELLFLEET-NYU STUDENT 3059,11017.2,""
NYU Long Island,HIP,HIP VIP MEDICARE BOLD   3069,146.22,""
NYU Long Island,HIP,HIP VIP MEDICARE BOLD   3069,146.22,""
NYU Long Island,Medicare,WORLD TRADE CENTER - LOGISTIC HEALTH INCORPORATED 3105,146.22,""
NYU Long Island,Medicare,WORLD TRADE CENTER - LOGISTIC HEALTH INCORPORATED 3105,146.22,""
NYU Long Island,Aetna,HEALTHSCOPE 3250,222.34,""
NYU Long Island,Aetna,HEALTHSCOPE 3250,11017.2,""
NYU Long Island,Healthfirst,"HEALTHFIRST ESSENTIAL PLAN 1,2 & 200-250 3301",36.36,""
NYU Long Island,Healthfirst,"HEALTHFIRST ESSENTIAL PLAN 1,2 & 200-250 3301",36.36,""
NYU Long Island,Healthfirst,HEALTHFIRST ESSENTIAL PLAN 3AND4 3302,17.32,""
NYU Long Island,Healthfirst,HEALTHFIRST ESSENTIAL PLAN 3AND4 3302,17.32,""
NYU Long Island,HIP,HIP PRIME BASIC 3312,7822.0,""
NYU Long Island,HIP,HIP PRIME BASIC 3312,7822.0,""
NYU Long Island,HIP,EMBLEM PRIME BRONZE  3313,270.52,""
NYU Long Island,HIP,EMBLEM PRIME BRONZE  3313,13404.26,""
NYU Long Island,HIP,EMBLEM PRIME SILVER 3314,270.52,""
NYU Long Island,HIP,EMBLEM PRIME SILVER 3314,13404.26,""
NYU Long Island,HIP,EMBLEM PRIME GOLD 3315,270.52,""
NYU Long Island,HIP,EMBLEM PRIME GOLD 3315,13404.26,""
NYU Long Island,HIP,EMBLEM PRIME PLATINUM  3316,270.52,""
NYU Long Island,HIP,EMBLEM PRIME PLATINUM  3316,13404.26,""
NYU Long Island,Medicare,BCBS MEDIBLUE MEDICARE HMO (HCP) 3341,146.22,""
NYU Long Island,Medicare,BCBS MEDIBLUE MEDICARE HMO (HCP) 3341,146.22,""
NYU Long Island,GHI,GHI VALUE OPTIONS BEHAVIORAL MGMT BMP ALT 3354,11671.0,""
NYU Long Island,GHI,GHI VALUE OPTIONS BEHAVIORAL MGMT BMP ALT 3354,11671.0,""
NYU Long Island,Medicare,PARTNERS HEALTH PLAN MEDICARE 3365,146.22,""
NYU Long Island,Medicare,PARTNERS HEALTH PLAN MEDICARE 3365,146.22,""
NYU Long Island,Medicaid,PARTNERS HEALTH PLAN MEDICAID 3366,170.41,""
NYU Long Island,Medicaid,PARTNERS HEALTH PLAN MEDICAID 3366,170.41,""
NYU Long Island,HIP,HIP MEDICAID-ENHANCED CARE (COHORT 2 HCP) 3369,177.29,""
NYU Long Island,HIP,HIP MEDICAID-ENHANCED CARE (COHORT 2 HCP) 3369,177.29,""
NYU Long Island,HIP,HIP VIP MEDICARE (COHORT 2 HCP) 3370,146.22,""
NYU Long Island,HIP,HIP VIP MEDICARE (COHORT 2 HCP) 3370,146.22,""
NYU Long Island,HIP,HIP HMO (COHORT 2 HCP) 3371,7822.0,""
NYU Long Island,HIP,HIP HMO (COHORT 2 HCP) 3371,7822.0,""
NYU Long Island,HIP,EMBLEM SELECT CARE (COHORT 2 HCP)  3372,270.52,""
NYU Long Island,HIP,EMBLEM SELECT CARE (COHORT 2 HCP)  3372,13404.26,""
NYU Long Island,HIP,EMBLEM ESSENTIAL (COHORT 2 HCP) 3373,212.74,""
NYU Long Island,HIP,EMBLEM ESSENTIAL (COHORT 2 HCP) 3373,212.74,""
NYU Long Island,Medicare,PARTNERS HEALTH PLAN FIDA 3389,146.22,""
NYU Long Island,Medicare,PARTNERS HEALTH PLAN FIDA 3389,146.22,""
NYU Long Island,Medicaid,PARTNERS HEALTH PLAN MLTC 3390,170.41,""
NYU Long Island,Medicaid,PARTNERS HEALTH PLAN MLTC 3390,170.41,""
NYU Long Island,Medicare,NY FIRE DEPARTMENT - WTC 3431,146.22,""
NYU Long Island,Medicare,NY FIRE DEPARTMENT - WTC 3431,146.22,""
NYU Long Island,Cigna,TUFTS HEALTH PLAN 3661,222.34,""
NYU Long Island,Cigna,TUFTS HEALTH PLAN 3661,11017.2,""
NYU Long Island,Medicare,VETERANS CHOICE PROGRAM-VACAA 3662,146.22,""
NYU Long Island,Medicare,VETERANS CHOICE PROGRAM-VACAA 3662,146.22,""
NYU Long Island,Healthfirst,HEALTHFIRST MEDICARE 3668,18.86,""
NYU Long Island,Healthfirst,HEALTHFIRST MEDICARE 3668,18.86,""
NYU Long Island,BCBS,BCBS BLUE ACCESS GEPO SMALL GROUP 3705,319.78,""
NYU Long Island,BCBS,BCBS BLUE ACCESS GEPO SMALL GROUP 3705,319.78,""
NYU Long Island,BCBS,BCBS BLUE ACCESS HMO SMALL GROUP 3706,319.78,""
NYU Long Island,BCBS,BCBS BLUE ACCESS HMO SMALL GROUP 3706,319.78,""
NYU Long Island,BCBS,BCBS BLUE ACCESS EPO SMALL GROUP 3716,319.78,""
NYU Long Island,BCBS,BCBS BLUE ACCESS EPO SMALL GROUP 3716,319.78,""
NYU Long Island,Medicare,ELDERPLAN FIDA 3718,146.22,""
NYU Long Island,Medicare,ELDERPLAN FIDA 3718,146.22,""
NYU Long Island,HIP,EMBLEM SELECT CARE GOLD EXCHANGE 3720,270.52,""
NYU Long Island,HIP,EMBLEM SELECT CARE GOLD EXCHANGE 3720,13404.26,""
NYU Long Island,HIP,EMBLEM SELECT CARE PLATINUM EXCHANGE 3721,270.52,""
NYU Long Island,HIP,EMBLEM SELECT CARE PLATINUM EXCHANGE 3721,13404.26,""
NYU Long Island,BCBS,BLUE CROSS BLUE SHIELD PRIORITY HMO 3723,399.72,""
NYU Long Island,BCBS,BLUE CROSS BLUE SHIELD PRIORITY HMO 3723,399.72,""
NYU Long Island,BCBS,BLUE CROSS BLUE SHIELD PRIORITY PPO 3726,399.72,""
NYU Long Island,BCBS,BLUE CROSS BLUE SHIELD PRIORITY PPO 3726,399.72,""
NYU Long Island,Medicare,BCBS MEDIBLUE SELECT HMO/EXTRA HMO 3730,146.22,""
NYU Long Island,Medicare,BCBS MEDIBLUE SELECT HMO/EXTRA HMO 3730,146.22,""
NYU Long Island,Medicare,BCBS MEDIBLUE SELECT/EXTRA HMO (HCP) 3733,146.22,""
NYU Long Island,Medicare,BCBS MEDIBLUE SELECT/EXTRA HMO (HCP) 3733,146.22,""
NYU Long Island,BCBS,BLUE CROSS BLUE SHIELD PRIORITY EPO (SMALL GROUP) 3748,319.78,""
NYU Long Island,BCBS,BLUE CROSS BLUE SHIELD PRIORITY EPO (SMALL GROUP) 3748,319.78,""
NYU Long Island,BCBS,BCBS PPO/EPO (SMALL GROUP) 3749,319.78,""
NYU Long Island,BCBS,BCBS PPO/EPO (SMALL GROUP) 3749,319.78,""
NYU Long Island,HIP,EMBLEM HEALTH BRIDGE  3765,7822.0,""
NYU Long Island,HIP,EMBLEM HEALTH BRIDGE  3765,7822.0,""
NYU Long Island,Medicaid,AGEWELL MANAGED MEDICAID 3772,170.41,""
NYU Long Island,Medicaid,AGEWELL MANAGED MEDICAID 3772,170.41,""
NYU Long Island,BCBS,BCBS BLUE ACCESS GEPO LARGE GROUP 3773,359.78,""
NYU Long Island,BCBS,BCBS BLUE ACCESS GEPO LARGE GROUP 3773,359.78,""
NYU Long Island,BCBS,BCBS BLUE ACCESS EPO LARGE GROUP 3775,359.78,""
NYU Long Island,BCBS,BCBS BLUE ACCESS EPO LARGE GROUP 3775,359.78,""
NYU Long Island,BCBS,BCBS BLUE ACCESS PPO LARGE GROUP 3776,359.78,""
NYU Long Island,BCBS,BCBS BLUE ACCESS PPO LARGE GROUP 3776,359.78,""
NYU Long Island,BCBS,BCBS BLUE CONNECTION (ALL PLANS)-NON PAR 3777,399.72,""
NYU Long Island,BCBS,BCBS BLUE CONNECTION (ALL PLANS)-NON PAR 3777,399.72,""
NYU Long Island,Magnacare,MAGNACARE DIRECT PLUS (PREFERRED CLIENT) 3779,148.23,""
NYU Long Island,Magnacare,MAGNACARE DIRECT PLUS (PREFERRED CLIENT) 3779,7344.8,""
NYU Long Island,HIP,HIP MEDICARE SUPPLEMENT 3781,146.22,""
NYU Long Island,HIP,HIP MEDICARE SUPPLEMENT 3781,146.22,""
NYU Long Island,Somos,BCBS HEALTHPLUS SOMOS ESSENTIAL PLAN 4 3782,186.15,""
NYU Long Island,Somos,BCBS HEALTHPLUS SOMOS ESSENTIAL PLAN 4 3782,186.15,""
NYU Long Island,Somos,BCBS HEALTHPLUS SOMOS SPECIAL NEEDS HARP 3783,186.15,""
NYU Long Island,Somos,BCBS HEALTHPLUS SOMOS SPECIAL NEEDS HARP 3783,186.15,""
NYU Long Island,Somos,BCBS HEALTHPLUS SOMOS ESSENTIAL PLAN 3 3784,186.15,""
NYU Long Island,Somos,BCBS HEALTHPLUS SOMOS ESSENTIAL PLAN 3 3784,186.15,""
NYU Long Island,Somos,BCBS HEALTHPLUS SOMOS ESSENTIAL PLAN 1 & 200-250 3786,177.29,""
NYU Long Island,Somos,BCBS HEALTHPLUS SOMOS ESSENTIAL PLAN 1 & 200-250 3786,177.29,""
NYU Long Island,Somos,BCBS HEALTHPLUS SOMOS NY CHILD HEALTH PL 3791,186.15,""
NYU Long Island,Somos,BCBS HEALTHPLUS SOMOS NY CHILD HEALTH PL 3791,186.15,""
NYU Long Island,Somos,HIP MCD ENHANCED-NY MCD (SOMOS) 3792,186.15,""
NYU Long Island,Somos,HIP MCD ENHANCED-NY MCD (SOMOS) 3792,186.15,""
NYU Long Island,Somos,HIP MCD ENHANCED-SNP HARP (SOMOS) 3793,186.15,""
NYU Long Island,Somos,HIP MCD ENHANCED-SNP HARP (SOMOS) 3793,186.15,""
NYU Long Island,Somos,HIP MCD ENHANCED-ESSENTIAL 4 (SOMOS) 3794,186.15,""
NYU Long Island,Somos,HIP MCD ENHANCED-ESSENTIAL 4 (SOMOS) 3794,186.15,""
NYU Long Island,Somos,HIP MCD ENHANCED-ESSENTIAL 3 (SOMOS) 3795,186.15,""
NYU Long Island,Somos,HIP MCD ENHANCED-ESSENTIAL 3 (SOMOS) 3795,186.15,""
NYU Long Island,Somos,HIP MCD ENHANCED-ESSENTIAL 1 & 200-250 (SOMOS) 3796,177.29,""
NYU Long Island,Somos,HIP MCD ENHANCED-ESSENTIAL 1 & 200-250 (SOMOS) 3796,177.29,""
NYU Long Island,Somos,HIP MCD ENHANCED-ESSENTIAL 2 (SOMOS) 3797,177.29,""
NYU Long Island,Somos,HIP MCD ENHANCED-ESSENTIAL 2 (SOMOS) 3797,177.29,""
NYU Long Island,Medicare,VA CCN OPTUM 3802,146.22,""
NYU Long Island,Medicare,VA CCN OPTUM 3802,146.22,""
NYU Long Island,Medicare,MYNEXUS ALT 3805,146.22,""
NYU Long Island,Medicare,MYNEXUS ALT 3805,146.22,""
NYU Long Island,Somos,HIP MCD ENHANCED-CHP (SOMOS)  3827,186.15,""
NYU Long Island,Somos,HIP MCD ENHANCED-CHP (SOMOS)  3827,186.15,""
NYU Long Island,Somos,BCBS HEALTHPLUS SOMOS NY MEDICAID 3834,186.15,""
NYU Long Island,Somos,BCBS HEALTHPLUS SOMOS NY MEDICAID 3834,186.15,""
NYU Long Island,Somos,BCBS HEALTHPLUS SOMOS ESSENTIAL PLAN 2 3837,177.29,""
NYU Long Island,Somos,BCBS HEALTHPLUS SOMOS ESSENTIAL PLAN 2 3837,177.29,""
NYU Long Island,BCBS,BCBS BLUE ACCESS EPO LARGE GROUP (NYU LI LOCAL 1199) 3842,359.78,""
NYU Long Island,BCBS,BCBS BLUE ACCESS EPO LARGE GROUP (NYU LI LOCAL 1199) 3842,359.78,""
NYU Long Island,HAMASPIK CHOICE,HAMASPIK CHOICE MEDICARE DSNP 3853,219.33,""
NYU Long Island,HAMASPIK CHOICE,HAMASPIK CHOICE MEDICARE DSNP 3853,219.33,""
NYU Long Island,HIP,HIP VIP MEDICARE RESERVE 3855,146.22,""
NYU Long Island,HIP,HIP VIP MEDICARE RESERVE 3855,146.22,""
NYU Long Island,HIP,EMBLEM SELECT CARE CATASTROPIC EXCHANGE  3856,270.52,""
NYU Long Island,HIP,EMBLEM SELECT CARE CATASTROPIC EXCHANGE  3856,13404.26,""
NYU Long Island,HIP,EMBLEM SELECT CARE BRONZE SG 3857,270.52,""
NYU Long Island,HIP,EMBLEM SELECT CARE BRONZE SG 3857,13404.26,""
NYU Long Island,HIP,EMBLEM SELECT CARE HMO 3858,270.52,""
NYU Long Island,HIP,EMBLEM SELECT CARE HMO 3858,13404.26,""
NYU Long Island,HIP,EMBLEM SELECT CARE PLATINUM SG 3859,270.52,""
NYU Long Island,HIP,EMBLEM SELECT CARE PLATINUM SG 3859,13404.26,""
NYU Long Island,HIP,EMBLEM SELECT CARE GOLD SG 3860,270.52,""
NYU Long Island,HIP,EMBLEM SELECT CARE GOLD SG 3860,13404.26,""
NYU Long Island,HIP,EMBLEM SELECT CARE SILVER SG 3861,270.52,""
NYU Long Island,HIP,EMBLEM SELECT CARE SILVER SG 3861,13404.26,""
NYU Long Island,HIP,VYTRA HMO 3862,7822.0,""
NYU Long Island,HIP,VYTRA HMO 3862,7822.0,""
NYU Long Island,HIP,HIP PPO 3865,7822.0,""
NYU Long Island,HIP,HIP PPO 3865,7822.0,""
NYU Long Island,HIP,EMBLEM SELECT CARE PPO  3870,270.52,""
NYU Long Island,HIP,EMBLEM SELECT CARE PPO  3870,13404.26,""
NYU Long Island,HIP,EMBLEM SELECT CARE EPO 3888,270.52,""
NYU Long Island,HIP,EMBLEM SELECT CARE EPO 3888,13404.26,""
NYU Long Island,Medicare,BCBS HEALTHPLUS MEDIBLUE ADVANTAGE 3889,146.22,""
NYU Long Island,Medicare,BCBS HEALTHPLUS MEDIBLUE ADVANTAGE 3889,146.22,""
NYU Long Island,Medicare,RIVERSPRING MEDICARE HMO SNP 3900,146.22,""
NYU Long Island,Medicare,RIVERSPRING MEDICARE HMO SNP 3900,146.22,""
NYU Long Island,HIP,EMBLEM ESSENTIAL 3AND4 (COHORT 2 HCP) 3901,177.29,""
NYU Long Island,HIP,EMBLEM ESSENTIAL 3AND4 (COHORT 2 HCP) 3901,177.29,""
NYU Long Island,Metroplus,"METROPLUS ESSENTIAL PLAN 1,2 & 200-250 3903",398.9,""
NYU Long Island,Metroplus,"METROPLUS ESSENTIAL PLAN 1,2 & 200-250 3903",398.9,""
NYU Long Island,Metroplus,METROPLUS ESSENTIAL PLAN 3AND4 3904,177.29,""
NYU Long Island,Metroplus,METROPLUS ESSENTIAL PLAN 3AND4 3904,177.29,""
NYU Long Island,HIP,EMBLEM ESSENTIAL 1AND2 (COHORT 2 HCP) 3906,212.74,""
NYU Long Island,HIP,EMBLEM ESSENTIAL 1AND2 (COHORT 2 HCP) 3906,212.74,""
NYU Long Island,Medicare,BCBS HEALTHPLUS MEDIBLUE DUAL 3928,146.22,""
NYU Long Island,Medicare,BCBS HEALTHPLUS MEDIBLUE DUAL 3928,146.22,""
NYU Long Island,Medicare,CIGNA MEDICARE ADVANTAGE 3985,146.22,""
NYU Long Island,Medicare,CIGNA MEDICARE ADVANTAGE 3985,146.22,""
NYU Long Island,BCBS,ANTHEM BCBS CT PPO 4127,399.72,""
NYU Long Island,BCBS,ANTHEM BCBS CT PPO 4127,399.72,""
